Organism A,Organism B,Ancestor age,Rate
Equus burchelli,Homo sapiens,92000000,4600000.0
Capra hircus,Homo sapiens,87325000,4158333.3333333335
Capra hircus,Equus burchelli,87325000,4596052.631578947
Equus grevyi,Homo sapiens,92000000,4380952.380952381
Equus grevyi,Equus burchelli,3508750,3508750.0
Equus grevyi,Capra hircus,87325000,4366250.0
Equus asinus,Homo sapiens,92000000,4380952.380952381
Equus asinus,Equus burchelli,2178425,2178425.0
Equus asinus,Capra hircus,87325000,4366250.0
Pongo pygmaeus,Homo sapiens,9906000,2476500.0
Pongo pygmaeus,Equus burchelli,92000000,4380952.380952381
Pongo pygmaeus,Capra hircus,87325000,3969318.1818181816
Pongo pygmaeus,Equus grevyi,92000000,4181818.1818181816
Pongo pygmaeus,Equus asinus,92000000,4181818.1818181816
Aythya affinis,Homo sapiens,316350000,7356976.7441860465
Aythya affinis,Equus burchelli,316350000,7356976.7441860465
Aythya affinis,Capra hircus,316350000,7030000.0
Aythya affinis,Equus grevyi,316350000,7532142.857142857
Aythya affinis,Equus asinus,316350000,7532142.857142857
Aythya affinis,Pongo pygmaeus,316350000,7356976.7441860465
Aythya marila,Homo sapiens,316350000,7356976.7441860465
Aythya marila,Equus burchelli,316350000,7356976.7441860465
Aythya marila,Capra hircus,316350000,7030000.0
Aythya marila,Equus grevyi,316350000,7532142.857142857
Aythya marila,Equus asinus,316350000,7532142.857142857
Aythya marila,Pongo pygmaeus,316350000,7356976.7441860465
Anser albifrons,Homo sapiens,316350000,7532142.857142857
Anser albifrons,Equus burchelli,316350000,7715853.658536585
Anser albifrons,Capra hircus,316350000,7532142.857142857
Anser albifrons,Equus grevyi,316350000,7908750.0
Anser albifrons,Equus asinus,316350000,7908750.0
Anser albifrons,Pongo pygmaeus,316350000,7532142.857142857
Anser albifrons,Aythya affinis,20617500,3436250.0
Anser albifrons,Aythya marila,20617500,3436250.0
Anas acuta,Homo sapiens,316350000,7532142.857142857
Anas acuta,Equus burchelli,316350000,7532142.857142857
Anas acuta,Capra hircus,316350000,7189772.7272727275
Anas acuta,Equus grevyi,316350000,7715853.658536585
Anas acuta,Equus asinus,316350000,7715853.658536585
Anas acuta,Pongo pygmaeus,316350000,7532142.857142857
Anas acuta,Aythya affinis,22607500,4521500.0
Anas acuta,Aythya marila,22607500,4521500.0
Anas acuta,Anser albifrons,23725000,4745000.0
Lophodytes cucullatus,Homo sapiens,316350000,7189772.7272727275
Lophodytes cucullatus,Equus burchelli,316350000,7189772.7272727275
Lophodytes cucullatus,Capra hircus,316350000,7030000.0
Lophodytes cucullatus,Equus grevyi,316350000,7356976.7441860465
Lophodytes cucullatus,Equus asinus,316350000,7356976.7441860465
Lophodytes cucullatus,Pongo pygmaeus,316350000,7532142.857142857
Lophodytes cucullatus,Aythya affinis,10399925,1733320.8333333333
Lophodytes cucullatus,Aythya marila,10399925,1733320.8333333333
Lophodytes cucullatus,Anser albifrons,11517425,1919570.8333333333
Lophodytes cucullatus,Anas acuta,13507425,4502475.0
Mergus serrator,Homo sapiens,316350000,7189772.7272727275
Mergus serrator,Equus burchelli,316350000,7189772.7272727275
Mergus serrator,Capra hircus,316350000,7030000.0
Mergus serrator,Equus grevyi,316350000,7356976.7441860465
Mergus serrator,Equus asinus,316350000,7356976.7441860465
Mergus serrator,Pongo pygmaeus,316350000,7532142.857142857
Mergus serrator,Aythya affinis,15937500,2656250.0
Mergus serrator,Aythya marila,15937500,2656250.0
Mergus serrator,Anser albifrons,17055000,2842500.0
Mergus serrator,Anas acuta,19045000,6348333.333333333
Cygnus atratus,Homo sapiens,316350000,7189772.7272727275
Cygnus atratus,Equus burchelli,316350000,7030000.0
Cygnus atratus,Capra hircus,316350000,7532142.857142857
Cygnus atratus,Equus grevyi,316350000,7189772.7272727275
Cygnus atratus,Equus asinus,316350000,7189772.7272727275
Cygnus atratus,Pongo pygmaeus,316350000,7532142.857142857
Cygnus atratus,Aythya affinis,15827000,1582700.0
Cygnus atratus,Aythya marila,15827000,1582700.0
Cygnus atratus,Anser albifrons,16944500,2824083.3333333335
Cygnus atratus,Anas acuta,18934500,2366812.5
Cygnus atratus,Lophodytes cucullatus,6726925,1345385.0
Cygnus atratus,Mergus serrator,12264500,2452900.0
Aythya collaris,Homo sapiens,316350000,7356976.7441860465
Aythya collaris,Equus burchelli,316350000,7356976.7441860465
Aythya collaris,Capra hircus,316350000,7030000.0
Aythya collaris,Equus grevyi,316350000,7532142.857142857
Aythya collaris,Equus asinus,316350000,7532142.857142857
Aythya collaris,Pongo pygmaeus,316350000,7356976.7441860465
Aythya collaris,Anser albifrons,20617500,3436250.0
Aythya collaris,Anas acuta,22607500,4521500.0
Aythya collaris,Lophodytes cucullatus,10399925,1733320.8333333333
Aythya collaris,Mergus serrator,15937500,2656250.0
Aythya collaris,Cygnus atratus,15827000,1582700.0
Aythya americana,Homo sapiens,316350000,7356976.7441860465
Aythya americana,Equus burchelli,316350000,7356976.7441860465
Aythya americana,Capra hircus,316350000,7030000.0
Aythya americana,Equus grevyi,316350000,7532142.857142857
Aythya americana,Equus asinus,316350000,7532142.857142857
Aythya americana,Pongo pygmaeus,316350000,7356976.7441860465
Aythya americana,Anser albifrons,20617500,3436250.0
Aythya americana,Anas acuta,22607500,4521500.0
Aythya americana,Lophodytes cucullatus,10399925,1733320.8333333333
Aythya americana,Mergus serrator,15937500,2656250.0
Aythya americana,Cygnus atratus,15827000,1582700.0
Melanitta nigra,Homo sapiens,316350000,7189772.7272727275
Melanitta nigra,Equus burchelli,316350000,7189772.7272727275
Melanitta nigra,Capra hircus,316350000,7030000.0
Melanitta nigra,Equus grevyi,316350000,7356976.7441860465
Melanitta nigra,Equus asinus,316350000,7356976.7441860465
Melanitta nigra,Pongo pygmaeus,316350000,7532142.857142857
Melanitta nigra,Aythya affinis,12720750,2120125.0
Melanitta nigra,Aythya marila,12720750,2120125.0
Melanitta nigra,Anser albifrons,20617500,3436250.0
Melanitta nigra,Anas acuta,22607500,7535833.333333333
Melanitta nigra,Cygnus atratus,15827000,3165400.0
Melanitta nigra,Aythya collaris,12720750,2120125.0
Melanitta nigra,Aythya americana,12720750,2120125.0
Rattus norvegicus,Homo sapiens,66450000,2143548.3870967743
Rattus norvegicus,Equus burchelli,92000000,2967741.935483871
Rattus norvegicus,Capra hircus,87325000,2728906.25
Rattus norvegicus,Equus grevyi,92000000,2875000.0
Rattus norvegicus,Equus asinus,92000000,2875000.0
Rattus norvegicus,Pongo pygmaeus,66450000,2143548.3870967743
Rattus norvegicus,Aythya affinis,316350000,6730851.063829787
Rattus norvegicus,Aythya marila,316350000,6730851.063829787
Rattus norvegicus,Anser albifrons,316350000,7189772.7272727275
Rattus norvegicus,Anas acuta,316350000,7030000.0
Rattus norvegicus,Lophodytes cucullatus,316350000,6730851.063829787
Rattus norvegicus,Mergus serrator,316350000,6730851.063829787
Rattus norvegicus,Cygnus atratus,316350000,6590625.0
Rattus norvegicus,Aythya collaris,316350000,6730851.063829787
Rattus norvegicus,Aythya americana,316350000,6730851.063829787
Rattus norvegicus,Melanitta nigra,316350000,6730851.063829787
Condylura cristata,Homo sapiens,92000000,4000000.0
Condylura cristata,Equus burchelli,62500000,2604166.6666666665
Condylura cristata,Capra hircus,87325000,4158333.3333333335
Condylura cristata,Equus grevyi,62500000,2500000.0
Condylura cristata,Equus asinus,62500000,2500000.0
Condylura cristata,Pongo pygmaeus,92000000,3680000.0
Condylura cristata,Aythya affinis,316350000,7532142.857142857
Condylura cristata,Aythya marila,316350000,7532142.857142857
Condylura cristata,Anser albifrons,316350000,8325000.0
Condylura cristata,Anas acuta,316350000,7908750.0
Condylura cristata,Lophodytes cucullatus,316350000,7532142.857142857
Condylura cristata,Mergus serrator,316350000,7532142.857142857
Condylura cristata,Cygnus atratus,316350000,7908750.0
Condylura cristata,Aythya collaris,316350000,7532142.857142857
Condylura cristata,Aythya americana,316350000,7532142.857142857
Condylura cristata,Melanitta nigra,316350000,7532142.857142857
Condylura cristata,Rattus norvegicus,92000000,3285714.285714286
Oryctolagus cuniculus,Homo sapiens,66450000,2461111.111111111
Oryctolagus cuniculus,Equus burchelli,92000000,3285714.285714286
Oryctolagus cuniculus,Capra hircus,87325000,3358653.846153846
Oryctolagus cuniculus,Equus grevyi,92000000,3285714.285714286
Oryctolagus cuniculus,Equus asinus,92000000,3285714.285714286
Oryctolagus cuniculus,Pongo pygmaeus,66450000,2555769.230769231
Oryctolagus cuniculus,Aythya affinis,316350000,6730851.063829787
Oryctolagus cuniculus,Aythya marila,316350000,6730851.063829787
Oryctolagus cuniculus,Anser albifrons,316350000,7189772.7272727275
Oryctolagus cuniculus,Anas acuta,316350000,6730851.063829787
Oryctolagus cuniculus,Lophodytes cucullatus,316350000,6590625.0
Oryctolagus cuniculus,Mergus serrator,316350000,6590625.0
Oryctolagus cuniculus,Cygnus atratus,316350000,7030000.0
Oryctolagus cuniculus,Aythya collaris,316350000,6730851.063829787
Oryctolagus cuniculus,Aythya americana,316350000,6730851.063829787
Oryctolagus cuniculus,Melanitta nigra,316350000,6590625.0
Oryctolagus cuniculus,Rattus norvegicus,60725000,1786029.4117647058
Oryctolagus cuniculus,Condylura cristata,92000000,3538461.5384615385
Scalopus aquaticus,Homo sapiens,92000000,968421.052631579
Scalopus aquaticus,Equus burchelli,62500000,651041.6666666666
Scalopus aquaticus,Capra hircus,87325000,919210.5263157894
Scalopus aquaticus,Equus grevyi,62500000,651041.6666666666
Scalopus aquaticus,Equus asinus,62500000,651041.6666666666
Scalopus aquaticus,Pongo pygmaeus,92000000,948453.6082474227
Scalopus aquaticus,Aythya affinis,316350000,3071359.223300971
Scalopus aquaticus,Aythya marila,316350000,3071359.223300971
Scalopus aquaticus,Anser albifrons,316350000,3101470.588235294
Scalopus aquaticus,Anas acuta,316350000,3101470.588235294
Scalopus aquaticus,Lophodytes cucullatus,316350000,3071359.223300971
Scalopus aquaticus,Mergus serrator,316350000,3071359.223300971
Scalopus aquaticus,Cygnus atratus,316350000,3071359.223300971
Scalopus aquaticus,Aythya collaris,316350000,3071359.223300971
Scalopus aquaticus,Aythya americana,316350000,3071359.223300971
Scalopus aquaticus,Melanitta nigra,316350000,3071359.223300971
Scalopus aquaticus,Rattus norvegicus,92000000,929292.9292929292
Scalopus aquaticus,Condylura cristata,2397000,25231.57894736842
Scalopus aquaticus,Oryctolagus cuniculus,92000000,948453.6082474227
Branta canadensis,Homo sapiens,316350000,7532142.857142857
Branta canadensis,Equus burchelli,316350000,7715853.658536585
Branta canadensis,Capra hircus,316350000,7532142.857142857
Branta canadensis,Equus grevyi,316350000,7908750.0
Branta canadensis,Equus asinus,316350000,7908750.0
Branta canadensis,Pongo pygmaeus,316350000,7532142.857142857
Branta canadensis,Aythya affinis,17197500,2456785.714285714
Branta canadensis,Aythya marila,17197500,2456785.714285714
Branta canadensis,Anser albifrons,18315000,9157500.0
Branta canadensis,Anas acuta,20305000,3384166.6666666665
Branta canadensis,Lophodytes cucullatus,8097425,1619485.0
Branta canadensis,Mergus serrator,13635000,2727000.0
Branta canadensis,Cygnus atratus,13524500,2704900.0
Branta canadensis,Aythya collaris,17197500,2456785.714285714
Branta canadensis,Aythya americana,17197500,2456785.714285714
Branta canadensis,Melanitta nigra,17197500,3439500.0
Branta canadensis,Rattus norvegicus,316350000,7189772.7272727275
Branta canadensis,Condylura cristata,316350000,8325000.0
Branta canadensis,Oryctolagus cuniculus,316350000,7189772.7272727275
Branta canadensis,Scalopus aquaticus,316350000,3101470.588235294
Macaca mulatta,Homo sapiens,24237500,4039583.3333333335
Macaca mulatta,Equus burchelli,92000000,5411764.705882353
Macaca mulatta,Capra hircus,87325000,4851388.888888889
Macaca mulatta,Equus grevyi,92000000,5111111.111111111
Macaca mulatta,Equus asinus,92000000,5111111.111111111
Macaca mulatta,Pongo pygmaeus,24237500,3029687.5
Macaca mulatta,Aythya affinis,316350000,7532142.857142857
Macaca mulatta,Aythya marila,316350000,7532142.857142857
Macaca mulatta,Anser albifrons,316350000,7715853.658536585
Macaca mulatta,Anas acuta,316350000,7715853.658536585
Macaca mulatta,Lophodytes cucullatus,316350000,7356976.7441860465
Macaca mulatta,Mergus serrator,316350000,7356976.7441860465
Macaca mulatta,Cygnus atratus,316350000,7189772.7272727275
Macaca mulatta,Aythya collaris,316350000,7532142.857142857
Macaca mulatta,Aythya americana,316350000,7532142.857142857
Macaca mulatta,Melanitta nigra,316350000,7356976.7441860465
Macaca mulatta,Rattus norvegicus,66450000,2215000.0
Macaca mulatta,Condylura cristata,92000000,4181818.1818181816
Macaca mulatta,Oryctolagus cuniculus,66450000,2555769.230769231
Macaca mulatta,Scalopus aquaticus,92000000,978723.4042553192
Macaca mulatta,Branta canadensis,316350000,7715853.658536585
Loxodonta africana,Homo sapiens,93075000,3447222.222222222
Loxodonta africana,Equus burchelli,63575000,2445192.3076923075
Loxodonta africana,Capra hircus,87325000,3011206.896551724
Loxodonta africana,Equus grevyi,63575000,2543000.0
Loxodonta africana,Equus asinus,63575000,2543000.0
Loxodonta africana,Pongo pygmaeus,93075000,3579807.6923076925
Loxodonta africana,Aythya affinis,316350000,6877173.9130434785
Loxodonta africana,Aythya marila,316350000,6877173.9130434785
Loxodonta africana,Anser albifrons,316350000,7189772.7272727275
Loxodonta africana,Anas acuta,316350000,6877173.9130434785
Loxodonta africana,Lophodytes cucullatus,316350000,7030000.0
Loxodonta africana,Mergus serrator,316350000,7030000.0
Loxodonta africana,Cygnus atratus,316350000,7030000.0
Loxodonta africana,Aythya collaris,316350000,6877173.9130434785
Loxodonta africana,Aythya americana,316350000,6877173.9130434785
Loxodonta africana,Melanitta nigra,316350000,7030000.0
Loxodonta africana,Rattus norvegicus,93075000,2216071.4285714286
Loxodonta africana,Condylura cristata,63575000,1986718.75
Loxodonta africana,Oryctolagus cuniculus,93075000,3002419.35483871
Loxodonta africana,Scalopus aquaticus,63575000,642171.7171717172
Loxodonta africana,Branta canadensis,316350000,7189772.7272727275
Loxodonta africana,Macaca mulatta,93075000,3579807.6923076925
Histrionicus histrionicus,Homo sapiens,296233250,6732573.863636363
Histrionicus histrionicus,Equus burchelli,296233250,6732573.863636363
Histrionicus histrionicus,Capra hircus,296233250,6582961.111111111
Histrionicus histrionicus,Equus grevyi,296233250,6889145.348837209
Histrionicus histrionicus,Equus asinus,296233250,6889145.348837209
Histrionicus histrionicus,Pongo pygmaeus,296233250,7053172.619047619
Histrionicus histrionicus,Aythya affinis,296233250,49372208.333333336
Histrionicus histrionicus,Aythya marila,296233250,49372208.333333336
Histrionicus histrionicus,Anser albifrons,296233250,49372208.333333336
Histrionicus histrionicus,Anas acuta,296233250,98744416.66666667
Histrionicus histrionicus,Cygnus atratus,296233250,59246650.0
Histrionicus histrionicus,Aythya collaris,296233250,49372208.333333336
Histrionicus histrionicus,Aythya americana,296233250,49372208.333333336
Histrionicus histrionicus,Rattus norvegicus,296233250,6302835.106382979
Histrionicus histrionicus,Condylura cristata,296233250,7053172.619047619
Histrionicus histrionicus,Oryctolagus cuniculus,296233250,6171526.041666667
Histrionicus histrionicus,Scalopus aquaticus,296233250,2876050.9708737866
Histrionicus histrionicus,Branta canadensis,296233250,59246650.0
Histrionicus histrionicus,Macaca mulatta,296233250,6889145.348837209
Histrionicus histrionicus,Loxodonta africana,296233250,6582961.111111111
Somateria mollissima,Homo sapiens,316350000,7189772.7272727275
Somateria mollissima,Equus burchelli,316350000,7189772.7272727275
Somateria mollissima,Capra hircus,316350000,7030000.0
Somateria mollissima,Equus grevyi,316350000,7356976.7441860465
Somateria mollissima,Equus asinus,316350000,7356976.7441860465
Somateria mollissima,Pongo pygmaeus,316350000,7532142.857142857
Somateria mollissima,Aythya affinis,12720750,2120125.0
Somateria mollissima,Aythya marila,12720750,2120125.0
Somateria mollissima,Anser albifrons,20617500,3436250.0
Somateria mollissima,Anas acuta,22607500,7535833.333333333
Somateria mollissima,Cygnus atratus,15827000,3165400.0
Somateria mollissima,Aythya collaris,12720750,2120125.0
Somateria mollissima,Aythya americana,12720750,2120125.0
Somateria mollissima,Rattus norvegicus,316350000,6730851.063829787
Somateria mollissima,Condylura cristata,316350000,7532142.857142857
Somateria mollissima,Oryctolagus cuniculus,316350000,6590625.0
Somateria mollissima,Scalopus aquaticus,316350000,3071359.223300971
Somateria mollissima,Branta canadensis,17197500,3439500.0
Somateria mollissima,Macaca mulatta,316350000,7356976.7441860465
Somateria mollissima,Loxodonta africana,316350000,7030000.0
Spatula clypeata,Homo sapiens,316350000,7715853.658536585
Spatula clypeata,Equus burchelli,316350000,7715853.658536585
Spatula clypeata,Capra hircus,316350000,7356976.7441860465
Spatula clypeata,Equus grevyi,316350000,7908750.0
Spatula clypeata,Equus asinus,316350000,7908750.0
Spatula clypeata,Pongo pygmaeus,316350000,7715853.658536585
Spatula clypeata,Aythya affinis,22607500,3767916.6666666665
Spatula clypeata,Aythya marila,22607500,3767916.6666666665
Spatula clypeata,Anser albifrons,23725000,3954166.6666666665
Spatula clypeata,Anas acuta,4466500,4466500.0
Spatula clypeata,Lophodytes cucullatus,13507425,3376856.25
Spatula clypeata,Mergus serrator,19045000,4761250.0
Spatula clypeata,Cygnus atratus,18934500,2103833.3333333335
Spatula clypeata,Aythya collaris,22607500,3767916.6666666665
Spatula clypeata,Aythya americana,22607500,3767916.6666666665
Spatula clypeata,Melanitta nigra,22607500,5651875.0
Spatula clypeata,Rattus norvegicus,316350000,7189772.7272727275
Spatula clypeata,Condylura cristata,316350000,8111538.461538462
Spatula clypeata,Oryctolagus cuniculus,316350000,6877173.9130434785
Spatula clypeata,Scalopus aquaticus,316350000,3132178.217821782
Spatula clypeata,Branta canadensis,20305000,2900714.285714286
Spatula clypeata,Macaca mulatta,316350000,7908750.0
Spatula clypeata,Loxodonta africana,316350000,7030000.0
Spatula clypeata,Histrionicus histrionicus,296233250,74058312.5
Spatula clypeata,Somateria mollissima,22607500,5651875.0
Branta bernicla,Homo sapiens,316350000,7532142.857142857
Branta bernicla,Equus burchelli,316350000,7715853.658536585
Branta bernicla,Capra hircus,316350000,7532142.857142857
Branta bernicla,Equus grevyi,316350000,7908750.0
Branta bernicla,Equus asinus,316350000,7908750.0
Branta bernicla,Pongo pygmaeus,316350000,7532142.857142857
Branta bernicla,Aythya affinis,17197500,2456785.714285714
Branta bernicla,Aythya marila,17197500,2456785.714285714
Branta bernicla,Anser albifrons,18315000,9157500.0
Branta bernicla,Anas acuta,20305000,3384166.6666666665
Branta bernicla,Lophodytes cucullatus,8097425,1619485.0
Branta bernicla,Mergus serrator,13635000,2727000.0
Branta bernicla,Cygnus atratus,13524500,2704900.0
Branta bernicla,Aythya collaris,17197500,2456785.714285714
Branta bernicla,Aythya americana,17197500,2456785.714285714
Branta bernicla,Melanitta nigra,17197500,3439500.0
Branta bernicla,Rattus norvegicus,316350000,7189772.7272727275
Branta bernicla,Condylura cristata,316350000,8325000.0
Branta bernicla,Oryctolagus cuniculus,316350000,7189772.7272727275
Branta bernicla,Scalopus aquaticus,316350000,3101470.588235294
Branta bernicla,Macaca mulatta,316350000,7715853.658536585
Branta bernicla,Loxodonta africana,316350000,7189772.7272727275
Branta bernicla,Histrionicus histrionicus,296233250,59246650.0
Branta bernicla,Somateria mollissima,17197500,3439500.0
Branta bernicla,Spatula clypeata,20305000,2900714.285714286
Bucephala albeola,Homo sapiens,316350000,7189772.7272727275
Bucephala albeola,Equus burchelli,316350000,7189772.7272727275
Bucephala albeola,Capra hircus,316350000,7030000.0
Bucephala albeola,Equus grevyi,316350000,7356976.7441860465
Bucephala albeola,Equus asinus,316350000,7356976.7441860465
Bucephala albeola,Pongo pygmaeus,316350000,7532142.857142857
Bucephala albeola,Aythya affinis,12720750,2120125.0
Bucephala albeola,Aythya marila,12720750,2120125.0
Bucephala albeola,Anser albifrons,20617500,3436250.0
Bucephala albeola,Anas acuta,22607500,7535833.333333333
Bucephala albeola,Cygnus atratus,15827000,3165400.0
Bucephala albeola,Aythya collaris,12720750,2120125.0
Bucephala albeola,Aythya americana,12720750,2120125.0
Bucephala albeola,Rattus norvegicus,316350000,6730851.063829787
Bucephala albeola,Condylura cristata,316350000,7532142.857142857
Bucephala albeola,Oryctolagus cuniculus,316350000,6590625.0
Bucephala albeola,Scalopus aquaticus,316350000,3071359.223300971
Bucephala albeola,Branta canadensis,17197500,3439500.0
Bucephala albeola,Macaca mulatta,316350000,7356976.7441860465
Bucephala albeola,Loxodonta africana,316350000,7030000.0
Bucephala albeola,Spatula clypeata,22607500,5651875.0
Bucephala albeola,Branta bernicla,17197500,3439500.0
Mergus merganser,Homo sapiens,316350000,7189772.7272727275
Mergus merganser,Equus burchelli,316350000,7189772.7272727275
Mergus merganser,Capra hircus,316350000,7030000.0
Mergus merganser,Equus grevyi,316350000,7356976.7441860465
Mergus merganser,Equus asinus,316350000,7356976.7441860465
Mergus merganser,Pongo pygmaeus,316350000,7532142.857142857
Mergus merganser,Aythya affinis,15937500,2656250.0
Mergus merganser,Aythya marila,15937500,2656250.0
Mergus merganser,Anser albifrons,17055000,2842500.0
Mergus merganser,Anas acuta,19045000,6348333.333333333
Mergus merganser,Cygnus atratus,12264500,2452900.0
Mergus merganser,Aythya collaris,15937500,2656250.0
Mergus merganser,Aythya americana,15937500,2656250.0
Mergus merganser,Rattus norvegicus,316350000,6730851.063829787
Mergus merganser,Condylura cristata,316350000,7532142.857142857
Mergus merganser,Oryctolagus cuniculus,316350000,6590625.0
Mergus merganser,Scalopus aquaticus,316350000,3071359.223300971
Mergus merganser,Branta canadensis,13635000,2727000.0
Mergus merganser,Macaca mulatta,316350000,7356976.7441860465
Mergus merganser,Loxodonta africana,316350000,7030000.0
Mergus merganser,Spatula clypeata,19045000,4761250.0
Mergus merganser,Branta bernicla,13635000,2727000.0
Melanitta fusca,Homo sapiens,316350000,7189772.7272727275
Melanitta fusca,Equus burchelli,316350000,7189772.7272727275
Melanitta fusca,Capra hircus,316350000,7030000.0
Melanitta fusca,Equus grevyi,316350000,7356976.7441860465
Melanitta fusca,Equus asinus,316350000,7356976.7441860465
Melanitta fusca,Pongo pygmaeus,316350000,7532142.857142857
Melanitta fusca,Aythya affinis,12720750,2120125.0
Melanitta fusca,Aythya marila,12720750,2120125.0
Melanitta fusca,Anser albifrons,20617500,3436250.0
Melanitta fusca,Anas acuta,22607500,7535833.333333333
Melanitta fusca,Cygnus atratus,15827000,3165400.0
Melanitta fusca,Aythya collaris,12720750,2120125.0
Melanitta fusca,Aythya americana,12720750,2120125.0
Melanitta fusca,Rattus norvegicus,316350000,6730851.063829787
Melanitta fusca,Condylura cristata,316350000,7532142.857142857
Melanitta fusca,Oryctolagus cuniculus,316350000,6590625.0
Melanitta fusca,Scalopus aquaticus,316350000,3071359.223300971
Melanitta fusca,Branta canadensis,17197500,3439500.0
Melanitta fusca,Macaca mulatta,316350000,7356976.7441860465
Melanitta fusca,Loxodonta africana,316350000,7030000.0
Melanitta fusca,Spatula clypeata,22607500,5651875.0
Melanitta fusca,Branta bernicla,17197500,3439500.0
Bucephala clangula,Homo sapiens,316350000,7189772.7272727275
Bucephala clangula,Equus burchelli,316350000,7189772.7272727275
Bucephala clangula,Capra hircus,316350000,7030000.0
Bucephala clangula,Equus grevyi,316350000,7356976.7441860465
Bucephala clangula,Equus asinus,316350000,7356976.7441860465
Bucephala clangula,Pongo pygmaeus,316350000,7532142.857142857
Bucephala clangula,Aythya affinis,12720750,2120125.0
Bucephala clangula,Aythya marila,12720750,2120125.0
Bucephala clangula,Anser albifrons,20617500,3436250.0
Bucephala clangula,Anas acuta,22607500,7535833.333333333
Bucephala clangula,Cygnus atratus,15827000,3165400.0
Bucephala clangula,Aythya collaris,12720750,2120125.0
Bucephala clangula,Aythya americana,12720750,2120125.0
Bucephala clangula,Rattus norvegicus,316350000,6730851.063829787
Bucephala clangula,Condylura cristata,316350000,7532142.857142857
Bucephala clangula,Oryctolagus cuniculus,316350000,6590625.0
Bucephala clangula,Scalopus aquaticus,316350000,3071359.223300971
Bucephala clangula,Branta canadensis,17197500,3439500.0
Bucephala clangula,Macaca mulatta,316350000,7356976.7441860465
Bucephala clangula,Loxodonta africana,316350000,7030000.0
Bucephala clangula,Spatula clypeata,22607500,5651875.0
Bucephala clangula,Branta bernicla,17197500,3439500.0
Melanitta perspicillata,Homo sapiens,316350000,7189772.7272727275
Melanitta perspicillata,Equus burchelli,316350000,7189772.7272727275
Melanitta perspicillata,Capra hircus,316350000,7030000.0
Melanitta perspicillata,Equus grevyi,316350000,7356976.7441860465
Melanitta perspicillata,Equus asinus,316350000,7356976.7441860465
Melanitta perspicillata,Pongo pygmaeus,316350000,7532142.857142857
Melanitta perspicillata,Aythya affinis,12720750,2120125.0
Melanitta perspicillata,Aythya marila,12720750,2120125.0
Melanitta perspicillata,Anser albifrons,20617500,3436250.0
Melanitta perspicillata,Anas acuta,22607500,7535833.333333333
Melanitta perspicillata,Cygnus atratus,15827000,3165400.0
Melanitta perspicillata,Aythya collaris,12720750,2120125.0
Melanitta perspicillata,Aythya americana,12720750,2120125.0
Melanitta perspicillata,Rattus norvegicus,316350000,6730851.063829787
Melanitta perspicillata,Condylura cristata,316350000,7532142.857142857
Melanitta perspicillata,Oryctolagus cuniculus,316350000,6590625.0
Melanitta perspicillata,Scalopus aquaticus,316350000,3071359.223300971
Melanitta perspicillata,Branta canadensis,17197500,3439500.0
Melanitta perspicillata,Macaca mulatta,316350000,7356976.7441860465
Melanitta perspicillata,Loxodonta africana,316350000,7030000.0
Melanitta perspicillata,Spatula clypeata,22607500,5651875.0
Melanitta perspicillata,Branta bernicla,17197500,3439500.0
Aythya valisineria,Homo sapiens,316350000,7356976.7441860465
Aythya valisineria,Equus burchelli,316350000,7356976.7441860465
Aythya valisineria,Capra hircus,316350000,7030000.0
Aythya valisineria,Equus grevyi,316350000,7532142.857142857
Aythya valisineria,Equus asinus,316350000,7532142.857142857
Aythya valisineria,Pongo pygmaeus,316350000,7356976.7441860465
Aythya valisineria,Anser albifrons,20617500,3436250.0
Aythya valisineria,Anas acuta,22607500,4521500.0
Aythya valisineria,Lophodytes cucullatus,10399925,1733320.8333333333
Aythya valisineria,Mergus serrator,15937500,2656250.0
Aythya valisineria,Cygnus atratus,15827000,1582700.0
Aythya valisineria,Melanitta nigra,12720750,2120125.0
Aythya valisineria,Rattus norvegicus,316350000,6730851.063829787
Aythya valisineria,Condylura cristata,316350000,7532142.857142857
Aythya valisineria,Oryctolagus cuniculus,316350000,6730851.063829787
Aythya valisineria,Scalopus aquaticus,316350000,3071359.223300971
Aythya valisineria,Branta canadensis,17197500,2456785.714285714
Aythya valisineria,Macaca mulatta,316350000,7532142.857142857
Aythya valisineria,Loxodonta africana,316350000,6877173.9130434785
Aythya valisineria,Histrionicus histrionicus,296233250,49372208.333333336
Aythya valisineria,Somateria mollissima,12720750,2120125.0
Aythya valisineria,Spatula clypeata,22607500,3767916.6666666665
Aythya valisineria,Branta bernicla,17197500,2456785.714285714
Aythya valisineria,Bucephala albeola,12720750,2120125.0
Aythya valisineria,Mergus merganser,15937500,2656250.0
Aythya valisineria,Melanitta fusca,12720750,2120125.0
Aythya valisineria,Bucephala clangula,12720750,2120125.0
Aythya valisineria,Melanitta perspicillata,12720750,2120125.0
Anas carolinensis,Homo sapiens,316350000,7532142.857142857
Anas carolinensis,Equus burchelli,316350000,7532142.857142857
Anas carolinensis,Capra hircus,316350000,7189772.7272727275
Anas carolinensis,Equus grevyi,316350000,7715853.658536585
Anas carolinensis,Equus asinus,316350000,7715853.658536585
Anas carolinensis,Pongo pygmaeus,316350000,7532142.857142857
Anas carolinensis,Aythya affinis,22607500,4521500.0
Anas carolinensis,Aythya marila,22607500,4521500.0
Anas carolinensis,Anser albifrons,23725000,4745000.0
Anas carolinensis,Lophodytes cucullatus,13507425,4502475.0
Anas carolinensis,Mergus serrator,19045000,6348333.333333333
Anas carolinensis,Cygnus atratus,18934500,2366812.5
Anas carolinensis,Aythya collaris,22607500,4521500.0
Anas carolinensis,Aythya americana,22607500,4521500.0
Anas carolinensis,Melanitta nigra,22607500,7535833.333333333
Anas carolinensis,Rattus norvegicus,316350000,7030000.0
Anas carolinensis,Condylura cristata,316350000,7908750.0
Anas carolinensis,Oryctolagus cuniculus,316350000,6730851.063829787
Anas carolinensis,Scalopus aquaticus,316350000,3101470.588235294
Anas carolinensis,Branta canadensis,20305000,3384166.6666666665
Anas carolinensis,Macaca mulatta,316350000,7715853.658536585
Anas carolinensis,Loxodonta africana,316350000,6877173.9130434785
Anas carolinensis,Histrionicus histrionicus,296233250,98744416.66666667
Anas carolinensis,Somateria mollissima,22607500,7535833.333333333
Anas carolinensis,Spatula clypeata,2883175,2883175.0
Anas carolinensis,Branta bernicla,20305000,3384166.6666666665
Anas carolinensis,Bucephala albeola,22607500,7535833.333333333
Anas carolinensis,Mergus merganser,19045000,6348333.333333333
Anas carolinensis,Melanitta fusca,22607500,7535833.333333333
Anas carolinensis,Bucephala clangula,22607500,7535833.333333333
Anas carolinensis,Melanitta perspicillata,22607500,7535833.333333333
Anas carolinensis,Aythya valisineria,22607500,4521500.0
Columba livia,Homo sapiens,316350000,5751818.181818182
Columba livia,Equus burchelli,316350000,5751818.181818182
Columba livia,Capra hircus,316350000,5751818.181818182
Columba livia,Equus grevyi,316350000,5751818.181818182
Columba livia,Equus asinus,316350000,5751818.181818182
Columba livia,Pongo pygmaeus,316350000,5858333.333333333
Columba livia,Aythya affinis,105150000,3004285.714285714
Columba livia,Aythya marila,105150000,3004285.714285714
Columba livia,Anser albifrons,105150000,3004285.714285714
Columba livia,Anas acuta,105150000,3004285.714285714
Columba livia,Lophodytes cucullatus,105150000,3004285.714285714
Columba livia,Mergus serrator,105150000,3004285.714285714
Columba livia,Cygnus atratus,105150000,3004285.714285714
Columba livia,Aythya collaris,105150000,3004285.714285714
Columba livia,Aythya americana,105150000,3004285.714285714
Columba livia,Melanitta nigra,105150000,3004285.714285714
Columba livia,Rattus norvegicus,316350000,5186065.573770491
Columba livia,Condylura cristata,316350000,6327000.0
Columba livia,Oryctolagus cuniculus,316350000,5454310.344827586
Columba livia,Scalopus aquaticus,316350000,3101470.588235294
Columba livia,Branta canadensis,105150000,3004285.714285714
Columba livia,Macaca mulatta,316350000,5858333.333333333
Columba livia,Loxodonta africana,316350000,5361864.406779661
Columba livia,Histrionicus histrionicus,296233250,8463807.142857144
Columba livia,Somateria mollissima,105150000,3004285.714285714
Columba livia,Spatula clypeata,105150000,3092647.0588235296
Columba livia,Branta bernicla,105150000,3004285.714285714
Columba livia,Bucephala albeola,105150000,3004285.714285714
Columba livia,Mergus merganser,105150000,3004285.714285714
Columba livia,Melanitta fusca,105150000,3004285.714285714
Columba livia,Bucephala clangula,105150000,3004285.714285714
Columba livia,Melanitta perspicillata,105150000,3004285.714285714
Columba livia,Aythya valisineria,105150000,3004285.714285714
Columba livia,Anas carolinensis,105150000,3004285.714285714
Mareca americana,Homo sapiens,316350000,7532142.857142857
Mareca americana,Equus burchelli,316350000,7532142.857142857
Mareca americana,Capra hircus,316350000,7189772.7272727275
Mareca americana,Equus grevyi,316350000,7715853.658536585
Mareca americana,Equus asinus,316350000,7715853.658536585
Mareca americana,Pongo pygmaeus,316350000,7532142.857142857
Mareca americana,Aythya affinis,22607500,4521500.0
Mareca americana,Aythya marila,22607500,4521500.0
Mareca americana,Anser albifrons,23725000,4745000.0
Mareca americana,Lophodytes cucullatus,13507425,4502475.0
Mareca americana,Mergus serrator,19045000,6348333.333333333
Mareca americana,Cygnus atratus,18934500,2366812.5
Mareca americana,Aythya collaris,22607500,4521500.0
Mareca americana,Aythya americana,22607500,4521500.0
Mareca americana,Melanitta nigra,22607500,7535833.333333333
Mareca americana,Rattus norvegicus,316350000,7030000.0
Mareca americana,Condylura cristata,316350000,7908750.0
Mareca americana,Oryctolagus cuniculus,316350000,6730851.063829787
Mareca americana,Scalopus aquaticus,316350000,3101470.588235294
Mareca americana,Branta canadensis,20305000,3384166.6666666665
Mareca americana,Macaca mulatta,316350000,7715853.658536585
Mareca americana,Loxodonta africana,316350000,6877173.9130434785
Mareca americana,Histrionicus histrionicus,296233250,98744416.66666667
Mareca americana,Somateria mollissima,22607500,7535833.333333333
Mareca americana,Spatula clypeata,4466500,4466500.0
Mareca americana,Branta bernicla,20305000,3384166.6666666665
Mareca americana,Bucephala albeola,22607500,7535833.333333333
Mareca americana,Mergus merganser,19045000,6348333.333333333
Mareca americana,Melanitta fusca,22607500,7535833.333333333
Mareca americana,Bucephala clangula,22607500,7535833.333333333
Mareca americana,Melanitta perspicillata,22607500,7535833.333333333
Mareca americana,Aythya valisineria,22607500,4521500.0
Mareca americana,Columba livia,105150000,3004285.714285714
Aix sponsa,Homo sapiens,316350000,7356976.7441860465
Aix sponsa,Equus burchelli,316350000,7356976.7441860465
Aix sponsa,Capra hircus,316350000,7030000.0
Aix sponsa,Equus grevyi,316350000,7532142.857142857
Aix sponsa,Equus asinus,316350000,7532142.857142857
Aix sponsa,Pongo pygmaeus,316350000,7356976.7441860465
Aix sponsa,Aythya affinis,11425000,2856250.0
Aix sponsa,Aythya marila,11425000,2856250.0
Aix sponsa,Anser albifrons,12542500,2508500.0
Aix sponsa,Anas acuta,14532500,4844166.666666667
Aix sponsa,Lophodytes cucullatus,2324925,581231.25
Aix sponsa,Mergus serrator,7862500,1965625.0
Aix sponsa,Cygnus atratus,7752000,861333.3333333334
Aix sponsa,Aythya collaris,11425000,2856250.0
Aix sponsa,Aythya americana,11425000,2856250.0
Aix sponsa,Melanitta nigra,11425000,2856250.0
Aix sponsa,Rattus norvegicus,316350000,6877173.9130434785
Aix sponsa,Condylura cristata,316350000,7715853.658536585
Aix sponsa,Oryctolagus cuniculus,316350000,6730851.063829787
Aix sponsa,Scalopus aquaticus,316350000,3101470.588235294
Aix sponsa,Branta canadensis,9122500,1520416.6666666667
Aix sponsa,Macaca mulatta,316350000,7532142.857142857
Aix sponsa,Loxodonta africana,316350000,6877173.9130434785
Aix sponsa,Histrionicus histrionicus,296233250,74058312.5
Aix sponsa,Somateria mollissima,11425000,2856250.0
Aix sponsa,Spatula clypeata,14532500,3633125.0
Aix sponsa,Branta bernicla,9122500,1520416.6666666667
Aix sponsa,Bucephala albeola,11425000,2856250.0
Aix sponsa,Mergus merganser,7862500,1965625.0
Aix sponsa,Melanitta fusca,11425000,2856250.0
Aix sponsa,Bucephala clangula,11425000,2856250.0
Aix sponsa,Melanitta perspicillata,11425000,2856250.0
Aix sponsa,Aythya valisineria,11425000,2856250.0
Aix sponsa,Anas carolinensis,14532500,4844166.666666667
Aix sponsa,Columba livia,105150000,2841891.891891892
Aix sponsa,Mareca americana,14532500,4844166.666666667
Tadorna tadornoides,Homo sapiens,316350000,7532142.857142857
Tadorna tadornoides,Equus burchelli,316350000,7532142.857142857
Tadorna tadornoides,Capra hircus,316350000,7189772.7272727275
Tadorna tadornoides,Equus grevyi,316350000,7715853.658536585
Tadorna tadornoides,Equus asinus,316350000,7715853.658536585
Tadorna tadornoides,Pongo pygmaeus,316350000,7532142.857142857
Tadorna tadornoides,Aythya affinis,10472000,2618000.0
Tadorna tadornoides,Aythya marila,10472000,2618000.0
Tadorna tadornoides,Anser albifrons,11589500,2897375.0
Tadorna tadornoides,Anas acuta,13579500,4526500.0
Tadorna tadornoides,Lophodytes cucullatus,1371925,685962.5
Tadorna tadornoides,Mergus serrator,6909500,3454750.0
Tadorna tadornoides,Cygnus atratus,6799000,1133166.6666666667
Tadorna tadornoides,Aythya collaris,10472000,2618000.0
Tadorna tadornoides,Aythya americana,10472000,2618000.0
Tadorna tadornoides,Melanitta nigra,10472000,5236000.0
Tadorna tadornoides,Rattus norvegicus,316350000,7030000.0
Tadorna tadornoides,Condylura cristata,316350000,7908750.0
Tadorna tadornoides,Oryctolagus cuniculus,316350000,6877173.9130434785
Tadorna tadornoides,Scalopus aquaticus,316350000,3101470.588235294
Tadorna tadornoides,Branta canadensis,8169500,2723166.6666666665
Tadorna tadornoides,Macaca mulatta,316350000,7715853.658536585
Tadorna tadornoides,Loxodonta africana,316350000,7030000.0
Tadorna tadornoides,Histrionicus histrionicus,296233250,148116625.0
Tadorna tadornoides,Somateria mollissima,10472000,5236000.0
Tadorna tadornoides,Spatula clypeata,13579500,3394875.0
Tadorna tadornoides,Branta bernicla,8169500,2723166.6666666665
Tadorna tadornoides,Bucephala albeola,10472000,5236000.0
Tadorna tadornoides,Mergus merganser,6909500,3454750.0
Tadorna tadornoides,Melanitta fusca,10472000,5236000.0
Tadorna tadornoides,Bucephala clangula,10472000,5236000.0
Tadorna tadornoides,Melanitta perspicillata,10472000,5236000.0
Tadorna tadornoides,Aythya valisineria,10472000,2618000.0
Tadorna tadornoides,Anas carolinensis,13579500,4526500.0
Tadorna tadornoides,Columba livia,105150000,3004285.714285714
Tadorna tadornoides,Mareca americana,13579500,4526500.0
Tadorna tadornoides,Aix sponsa,2397000,599250.0
Cygnus columbianus,Homo sapiens,316350000,7715853.658536585
Cygnus columbianus,Equus burchelli,316350000,7908750.0
Cygnus columbianus,Capra hircus,316350000,7715853.658536585
Cygnus columbianus,Equus grevyi,316350000,8111538.461538462
Cygnus columbianus,Equus asinus,316350000,8111538.461538462
Cygnus columbianus,Pongo pygmaeus,316350000,7715853.658536585
Cygnus columbianus,Aythya affinis,15827000,1978375.0
Cygnus columbianus,Aythya marila,15827000,1978375.0
Cygnus columbianus,Anser albifrons,16944500,2824083.3333333335
Cygnus columbianus,Anas acuta,18934500,2704928.5714285714
Cygnus columbianus,Lophodytes cucullatus,6726925,1121154.1666666667
Cygnus columbianus,Mergus serrator,12264500,2044083.3333333333
Cygnus columbianus,Cygnus atratus,2267675,323953.5714285714
Cygnus columbianus,Aythya collaris,15827000,1978375.0
Cygnus columbianus,Aythya americana,15827000,1978375.0
Cygnus columbianus,Melanitta nigra,15827000,2637833.3333333335
Cygnus columbianus,Rattus norvegicus,316350000,7189772.7272727275
Cygnus columbianus,Condylura cristata,316350000,7908750.0
Cygnus columbianus,Oryctolagus cuniculus,316350000,7030000.0
Cygnus columbianus,Scalopus aquaticus,316350000,3132178.217821782
Cygnus columbianus,Branta canadensis,13524500,2704900.0
Cygnus columbianus,Macaca mulatta,316350000,7908750.0
Cygnus columbianus,Loxodonta africana,316350000,7356976.7441860465
Cygnus columbianus,Histrionicus histrionicus,296233250,49372208.333333336
Cygnus columbianus,Somateria mollissima,15827000,2637833.3333333335
Cygnus columbianus,Spatula clypeata,18934500,3155750.0
Cygnus columbianus,Branta bernicla,13524500,2704900.0
Cygnus columbianus,Bucephala albeola,15827000,2637833.3333333335
Cygnus columbianus,Mergus merganser,12264500,2044083.3333333333
Cygnus columbianus,Melanitta fusca,15827000,2637833.3333333335
Cygnus columbianus,Bucephala clangula,15827000,2637833.3333333335
Cygnus columbianus,Melanitta perspicillata,15827000,2637833.3333333335
Cygnus columbianus,Aythya valisineria,15827000,1978375.0
Cygnus columbianus,Anas carolinensis,18934500,2704928.5714285714
Cygnus columbianus,Columba livia,105150000,3092647.0588235296
Cygnus columbianus,Mareca americana,18934500,2704928.5714285714
Cygnus columbianus,Aix sponsa,7752000,969000.0
Cygnus columbianus,Tadorna tadornoides,6799000,1133166.6666666667
Dendrocygna autumnalis,Homo sapiens,316350000,7030000.0
Dendrocygna autumnalis,Equus burchelli,316350000,7189772.7272727275
Dendrocygna autumnalis,Capra hircus,316350000,7532142.857142857
Dendrocygna autumnalis,Equus grevyi,316350000,7356976.7441860465
Dendrocygna autumnalis,Equus asinus,316350000,7356976.7441860465
Dendrocygna autumnalis,Pongo pygmaeus,316350000,7356976.7441860465
Dendrocygna autumnalis,Aythya affinis,18850000,2094444.4444444445
Dendrocygna autumnalis,Aythya marila,18850000,2094444.4444444445
Dendrocygna autumnalis,Anser albifrons,19967500,2495937.5
Dendrocygna autumnalis,Anas acuta,21957500,2195750.0
Dendrocygna autumnalis,Lophodytes cucullatus,9749925,1392846.4285714286
Dendrocygna autumnalis,Mergus serrator,15287500,2183928.5714285714
Dendrocygna autumnalis,Cygnus atratus,15177000,1686333.3333333333
Dendrocygna autumnalis,Aythya collaris,18850000,2094444.4444444445
Dendrocygna autumnalis,Aythya americana,18850000,2094444.4444444445
Dendrocygna autumnalis,Melanitta nigra,18850000,2692857.1428571427
Dendrocygna autumnalis,Rattus norvegicus,316350000,6590625.0
Dendrocygna autumnalis,Condylura cristata,316350000,7908750.0
Dendrocygna autumnalis,Oryctolagus cuniculus,316350000,6730851.063829787
Dendrocygna autumnalis,Scalopus aquaticus,316350000,3071359.223300971
Dendrocygna autumnalis,Branta canadensis,16547500,2757916.6666666665
Dendrocygna autumnalis,Macaca mulatta,316350000,7532142.857142857
Dendrocygna autumnalis,Loxodonta africana,316350000,7030000.0
Dendrocygna autumnalis,Histrionicus histrionicus,296233250,42319035.71428572
Dendrocygna autumnalis,Somateria mollissima,18850000,2692857.1428571427
Dendrocygna autumnalis,Spatula clypeata,21957500,1996136.3636363635
Dendrocygna autumnalis,Branta bernicla,16547500,2757916.6666666665
Dendrocygna autumnalis,Bucephala albeola,18850000,2692857.1428571427
Dendrocygna autumnalis,Mergus merganser,15287500,2183928.5714285714
Dendrocygna autumnalis,Melanitta fusca,18850000,2692857.1428571427
Dendrocygna autumnalis,Bucephala clangula,18850000,2692857.1428571427
Dendrocygna autumnalis,Melanitta perspicillata,18850000,2692857.1428571427
Dendrocygna autumnalis,Aythya valisineria,18850000,2094444.4444444445
Dendrocygna autumnalis,Anas carolinensis,21957500,2195750.0
Dendrocygna autumnalis,Columba livia,105150000,3004285.714285714
Dendrocygna autumnalis,Mareca americana,21957500,2195750.0
Dendrocygna autumnalis,Aix sponsa,10775000,1077500.0
Dendrocygna autumnalis,Tadorna tadornoides,9822000,1403142.857142857
Dendrocygna autumnalis,Cygnus columbianus,15177000,1686333.3333333333
Cygnus buccinator,Homo sapiens,316350000,7715853.658536585
Cygnus buccinator,Equus burchelli,316350000,7908750.0
Cygnus buccinator,Capra hircus,316350000,7715853.658536585
Cygnus buccinator,Equus grevyi,316350000,8111538.461538462
Cygnus buccinator,Equus asinus,316350000,8111538.461538462
Cygnus buccinator,Pongo pygmaeus,316350000,7715853.658536585
Cygnus buccinator,Aythya affinis,10275000,1284375.0
Cygnus buccinator,Aythya marila,10275000,1284375.0
Cygnus buccinator,Anser albifrons,11392500,1898750.0
Cygnus buccinator,Anas acuta,13382500,1911785.7142857143
Cygnus buccinator,Lophodytes cucullatus,1174925,195820.83333333334
Cygnus buccinator,Mergus serrator,6712500,1118750.0
Cygnus buccinator,Cygnus atratus,6602000,943142.8571428572
Cygnus buccinator,Aythya collaris,10275000,1284375.0
Cygnus buccinator,Aythya americana,10275000,1284375.0
Cygnus buccinator,Melanitta nigra,10275000,1712500.0
Cygnus buccinator,Rattus norvegicus,316350000,7189772.7272727275
Cygnus buccinator,Condylura cristata,316350000,7908750.0
Cygnus buccinator,Oryctolagus cuniculus,316350000,7030000.0
Cygnus buccinator,Scalopus aquaticus,316350000,3132178.217821782
Cygnus buccinator,Branta canadensis,7972500,1594500.0
Cygnus buccinator,Macaca mulatta,316350000,7908750.0
Cygnus buccinator,Loxodonta africana,316350000,7356976.7441860465
Cygnus buccinator,Histrionicus histrionicus,296233250,49372208.333333336
Cygnus buccinator,Somateria mollissima,10275000,1712500.0
Cygnus buccinator,Spatula clypeata,13382500,2230416.6666666665
Cygnus buccinator,Branta bernicla,7972500,1594500.0
Cygnus buccinator,Bucephala albeola,10275000,1712500.0
Cygnus buccinator,Mergus merganser,6712500,1118750.0
Cygnus buccinator,Melanitta fusca,10275000,1712500.0
Cygnus buccinator,Bucephala clangula,10275000,1712500.0
Cygnus buccinator,Melanitta perspicillata,10275000,1712500.0
Cygnus buccinator,Aythya valisineria,10275000,1284375.0
Cygnus buccinator,Anas carolinensis,13382500,1911785.7142857143
Cygnus buccinator,Columba livia,105150000,3092647.0588235296
Cygnus buccinator,Mareca americana,13382500,1911785.7142857143
Cygnus buccinator,Aix sponsa,2200000,275000.0
Cygnus buccinator,Tadorna tadornoides,1247000,207833.33333333334
Cygnus buccinator,Dendrocygna autumnalis,9625000,1069444.4444444445
Anas platyrhynchos,Homo sapiens,316350000,7532142.857142857
Anas platyrhynchos,Equus burchelli,316350000,7532142.857142857
Anas platyrhynchos,Capra hircus,316350000,7189772.7272727275
Anas platyrhynchos,Equus grevyi,316350000,7715853.658536585
Anas platyrhynchos,Equus asinus,316350000,7715853.658536585
Anas platyrhynchos,Pongo pygmaeus,316350000,7532142.857142857
Anas platyrhynchos,Aythya affinis,22607500,4521500.0
Anas platyrhynchos,Aythya marila,22607500,4521500.0
Anas platyrhynchos,Anser albifrons,23725000,4745000.0
Anas platyrhynchos,Lophodytes cucullatus,13507425,4502475.0
Anas platyrhynchos,Mergus serrator,19045000,6348333.333333333
Anas platyrhynchos,Cygnus atratus,18934500,2366812.5
Anas platyrhynchos,Aythya collaris,22607500,4521500.0
Anas platyrhynchos,Aythya americana,22607500,4521500.0
Anas platyrhynchos,Melanitta nigra,22607500,7535833.333333333
Anas platyrhynchos,Rattus norvegicus,316350000,7030000.0
Anas platyrhynchos,Condylura cristata,316350000,7908750.0
Anas platyrhynchos,Oryctolagus cuniculus,316350000,6730851.063829787
Anas platyrhynchos,Scalopus aquaticus,316350000,3101470.588235294
Anas platyrhynchos,Branta canadensis,20305000,3384166.6666666665
Anas platyrhynchos,Macaca mulatta,316350000,7715853.658536585
Anas platyrhynchos,Loxodonta africana,316350000,6877173.9130434785
Anas platyrhynchos,Histrionicus histrionicus,296233250,98744416.66666667
Anas platyrhynchos,Somateria mollissima,22607500,7535833.333333333
Anas platyrhynchos,Spatula clypeata,4466500,4466500.0
Anas platyrhynchos,Branta bernicla,20305000,3384166.6666666665
Anas platyrhynchos,Bucephala albeola,22607500,7535833.333333333
Anas platyrhynchos,Mergus merganser,19045000,6348333.333333333
Anas platyrhynchos,Melanitta fusca,22607500,7535833.333333333
Anas platyrhynchos,Bucephala clangula,22607500,7535833.333333333
Anas platyrhynchos,Melanitta perspicillata,22607500,7535833.333333333
Anas platyrhynchos,Aythya valisineria,22607500,4521500.0
Anas platyrhynchos,Columba livia,105150000,3004285.714285714
Anas platyrhynchos,Aix sponsa,14532500,4844166.666666667
Anas platyrhynchos,Tadorna tadornoides,13579500,4526500.0
Anas platyrhynchos,Cygnus columbianus,18934500,2704928.5714285714
Anas platyrhynchos,Dendrocygna autumnalis,21957500,2195750.0
Anas platyrhynchos,Cygnus buccinator,13382500,1911785.7142857143
Dendrocygna arborea,Homo sapiens,316350000,7030000.0
Dendrocygna arborea,Equus burchelli,316350000,7189772.7272727275
Dendrocygna arborea,Capra hircus,316350000,7532142.857142857
Dendrocygna arborea,Equus grevyi,316350000,7356976.7441860465
Dendrocygna arborea,Equus asinus,316350000,7356976.7441860465
Dendrocygna arborea,Pongo pygmaeus,316350000,7356976.7441860465
Dendrocygna arborea,Aythya affinis,18850000,2094444.4444444445
Dendrocygna arborea,Aythya marila,18850000,2094444.4444444445
Dendrocygna arborea,Anser albifrons,19967500,2495937.5
Dendrocygna arborea,Anas acuta,21957500,2195750.0
Dendrocygna arborea,Lophodytes cucullatus,9749925,1392846.4285714286
Dendrocygna arborea,Mergus serrator,15287500,2183928.5714285714
Dendrocygna arborea,Cygnus atratus,15177000,1686333.3333333333
Dendrocygna arborea,Aythya collaris,18850000,2094444.4444444445
Dendrocygna arborea,Aythya americana,18850000,2094444.4444444445
Dendrocygna arborea,Melanitta nigra,18850000,2692857.1428571427
Dendrocygna arborea,Rattus norvegicus,316350000,6590625.0
Dendrocygna arborea,Condylura cristata,316350000,7908750.0
Dendrocygna arborea,Oryctolagus cuniculus,316350000,6730851.063829787
Dendrocygna arborea,Scalopus aquaticus,316350000,3071359.223300971
Dendrocygna arborea,Branta canadensis,16547500,2757916.6666666665
Dendrocygna arborea,Macaca mulatta,316350000,7532142.857142857
Dendrocygna arborea,Loxodonta africana,316350000,7030000.0
Dendrocygna arborea,Histrionicus histrionicus,296233250,42319035.71428572
Dendrocygna arborea,Somateria mollissima,18850000,2692857.1428571427
Dendrocygna arborea,Spatula clypeata,21957500,1996136.3636363635
Dendrocygna arborea,Branta bernicla,16547500,2757916.6666666665
Dendrocygna arborea,Bucephala albeola,18850000,2692857.1428571427
Dendrocygna arborea,Mergus merganser,15287500,2183928.5714285714
Dendrocygna arborea,Melanitta fusca,18850000,2692857.1428571427
Dendrocygna arborea,Bucephala clangula,18850000,2692857.1428571427
Dendrocygna arborea,Melanitta perspicillata,18850000,2692857.1428571427
Dendrocygna arborea,Aythya valisineria,18850000,2094444.4444444445
Dendrocygna arborea,Anas carolinensis,21957500,2195750.0
Dendrocygna arborea,Columba livia,105150000,3004285.714285714
Dendrocygna arborea,Mareca americana,21957500,2195750.0
Dendrocygna arborea,Aix sponsa,10775000,1077500.0
Dendrocygna arborea,Tadorna tadornoides,9822000,1403142.857142857
Dendrocygna arborea,Cygnus columbianus,15177000,1686333.3333333333
Dendrocygna arborea,Cygnus buccinator,9625000,1069444.4444444445
Dendrocygna arborea,Anas platyrhynchos,21957500,2195750.0